{
  "id": "1a0c7249-833c-4b60-ae24-74eb8bc70661",
  "prevId": "00000000-0000-0000-0000-000000000000",
  "version": "7",
  "dialect": "postgresql",
  "tables": {
    "public.market_data": {
      "name": "market_data",
      "schema": "",
      "columns": {
        "id": {
          "name": "id",
          "type": "serial",
          "primaryKey": true,
          "notNull": true
        },
        "pair": {
          "name": "pair",
          "type": "text",
          "primaryKey": false,
          "notNull": true
        },
        "payout": {
          "name": "payout",
          "type": "integer",
          "primaryKey": false,
          "notNull": true
        },
        "price": {
          "name": "price",
          "type": "double precision",
          "primaryKey": false,
          "notNull": true
        },
        "change": {
          "name": "change",
          "type": "double precision",
          "primaryKey": false,
          "notNull": true
        },
        "timestamp": {
          "name": "timestamp",
          "type": "timestamp",
          "primaryKey": false,
          "notNull": true,
          "default": "now()"
        }
      },
      "indexes": {},
      "foreignKeys": {},
      "compositePrimaryKeys": {},
      "uniqueConstraints": {},
      "policies": {},
      "checkConstraints": {},
      "isRLSEnabled": false
    },
    "public.signals": {
      "name": "signals",
      "schema": "",
      "columns": {
        "id": {
          "name": "id",
          "type": "serial",
          "primaryKey": true,
          "notNull": true
        },
        "signal_id": {
          "name": "signal_id",
          "type": "text",
          "primaryKey": false,
          "notNull": true
        },
        "pair": {
          "name": "pair",
          "type": "text",
          "primaryKey": false,
          "notNull": true
        },
        "direction": {
          "name": "direction",
          "type": "text",
          "primaryKey": false,
          "notNull": true
        },
        "confidence": {
          "name": "confidence",
          "type": "integer",
          "primaryKey": false,
          "notNull": true
        },
        "payout": {
          "name": "payout",
          "type": "integer",
          "primaryKey": false,
          "notNull": true
        },
        "entry_price": {
          "name": "entry_price",
          "type": "double precision",
          "primaryKey": false,
          "notNull": false
        },
        "exit_price": {
          "name": "exit_price",
          "type": "double precision",
          "primaryKey": false,
          "notNull": false
        },
        "indicators": {
          "name": "indicators",
          "type": "jsonb",
          "primaryKey": false,
          "notNull": true
        },
        "status": {
          "name": "status",
          "type": "text",
          "primaryKey": false,
          "notNull": true,
          "default": "'PENDING'"
        },
        "timestamp": {
          "name": "timestamp",
          "type": "timestamp",
          "primaryKey": false,
          "notNull": true,
          "default": "now()"
        },
        "expiry_time": {
          "name": "expiry_time",
          "type": "timestamp",
          "primaryKey": false,
          "notNull": true
        },
        "sent_to_telegram": {
          "name": "sent_to_telegram",
          "type": "boolean",
          "primaryKey": false,
          "notNull": true,
          "default": false
        }
      },
      "indexes": {},
      "foreignKeys": {},
      "compositePrimaryKeys": {},
      "uniqueConstraints": {
        "signals_signal_id_unique": {
          "name": "signals_signal_id_unique",
          "nullsNotDistinct": false,
          "columns": [
            "signal_id"
          ]
        }
      },
      "policies": {},
      "checkConstraints": {},
      "isRLSEnabled": false
    },
    "public.ssid_settings": {
      "name": "ssid_settings",
      "schema": "",
      "columns": {
        "id": {
          "name": "id",
          "type": "serial",
          "primaryKey": true,
          "notNull": true
        },
        "ssid": {
          "name": "ssid",
          "type": "text",
          "primaryKey": false,
          "notNull": true
        },
        "status": {
          "name": "status",
          "type": "text",
          "primaryKey": false,
          "notNull": true,
          "default": "'active'"
        },
        "last_updated": {
          "name": "last_updated",
          "type": "timestamp",
          "primaryKey": false,
          "notNull": true,
          "default": "now()"
        }
      },
      "indexes": {},
      "foreignKeys": {},
      "compositePrimaryKeys": {},
      "uniqueConstraints": {},
      "policies": {},
      "checkConstraints": {},
      "isRLSEnabled": false
    },
    "public.stats": {
      "name": "stats",
      "schema": "",
      "columns": {
        "id": {
          "name": "id",
          "type": "serial",
          "primaryKey": true,
          "notNull": true
        },
        "wins": {
          "name": "wins",
          "type": "integer",
          "primaryKey": false,
          "notNull": true,
          "default": 0
        },
        "losses": {
          "name": "losses",
          "type": "integer",
          "primaryKey": false,
          "notNull": true,
          "default": 0
        },
        "today_wins": {
          "name": "today_wins",
          "type": "integer",
          "primaryKey": false,
          "notNull": true,
          "default": 0
        },
        "today_losses": {
          "name": "today_losses",
          "type": "integer",
          "primaryKey": false,
          "notNull": true,
          "default": 0
        },
        "last_updated": {
          "name": "last_updated",
          "type": "timestamp",
          "primaryKey": false,
          "notNull": true,
          "default": "now()"
        }
      },
      "indexes": {},
      "foreignKeys": {},
      "compositePrimaryKeys": {},
      "uniqueConstraints": {},
      "policies": {},
      "checkConstraints": {},
      "isRLSEnabled": false
    }
  },
  "enums": {},
  "schemas": {},
  "sequences": {},
  "roles": {},
  "policies": {},
  "views": {},
  "_meta": {
    "columns": {},
    "schemas": {},
    "tables": {}
  }
}